pKD4_uhpB	CTCCCGCTTAATTACCGTTATTGCCTGCTTTTTTATCTTCTCTGCCGGTGTAGGCTGGAGCTGCTTC	GAGGTAGAGAAACGCTGACACGCGTGCCGTGCAGACAGGAAATGGTCCATATGAATATCCTCCTTAG
pKD4_uhpC	GTTGCCGTTTCTGAAAGCGCCTGCCGATGCGCCATTAATGACTGATAAGTGTAGGCTGGAGCTGCTTC	TCTCGCGGTGTCTGGGCGTTCAAAAAGGGCAGTAATAGCAGTGCGGAACATATGAATATCCTCCTTAG
pKD4_uhpT	CCATGCTGGCTTTCTTAAACCAGGTTCGCAAGCCGACCCTGGACCTGTGTAGGCTGGAGCTGCTTC	AGTTACGTTTATGCCACTGTCAACTGCTGAATTTTTTTCTCGCGGCGGACATATGAATATCCTCCTTAG
pKD4_galU	CGTTCAAAACACGAACAGTCCAGGAGAATTTAAATGGCTGCCATTAATAGTGTAGGCTGGAGCTGCTTC	CCGATACGGATGTTACTTCTTAATGCCCATCTCTTCTTCAAGCCAGGCTCATATGAATATCCTCCTTAG
pDS132	CTGTTGCATGGGCATAAAGA	AGGAACACTTAACGGCTGAC
Mut3_uhpB_1	CCGTCTAGAGGTGGATTTATTGCTCTCGCTG	CCGTCTAGAGTGCGCCGCCGACGTTATGCGC
uhpB_ver	ACTGGGCGTCAGTAACGACG	ATGGCGCATCGGCAGGCGCT
uhpC_ver	TGTCTGCACGGCACGCGTGT	GATAGCGTCCAGGCAAAACCT
galU_R282V_1	CCGTCTAGAGCCGCACGTGACTATTATGC	TACCGTATTCAACGAAGGCCTG
galU_ver	TATACTGGGATGCGATACAG	CACCGTTTCGTGGAAAACAC
lon_Q558X_1	CCGTCTAGATTAGCTGCGTTGTGCATATTG	GATGGTTTGCATCAGCGTCG
lon_Q558X_2	CGACGCTGATGCAAACCATCGAACGTATCGCACAAGCAT	CCGTCTAGAACGACCATCAACCAGCACTT
lon_ver1	GCTTTCTACGTGTGCTGCAG	GCCATTCACGCTGCTGTAGCAT
lon_ver2	CCTTCGATGCCATTGAAGCTGA	TTGAAGCACGCAGGATAGCT
pBAB202_uhpB	CACCAAAACTGGCGCAAGGAATGG	CAGAAACGGCAACATCATCG
pBAB202_uhpC	CACCGCAACACGGTTTTGGCCTTA	GATGCATCACGCTTCTCGC
RT_uhpT	ACCTACGGGTTGAGCATGAC	CACTGAAGCCCAGCATACAA
RT_rrsA	CTCTTGCCATCGGATGTGCCCA	CCAGTGTGGCTGGTCATCCTCTCA
